ism_familiya,lavozim,asosiy_qavat,asosiy_xona,smena_boshi,smena_oxiri
Malika Yusupova,Hamshira,3,ROOM_3_303_Palata,08:00,20:00
Shahnoza Ergasheva,Hamshira,1,ROOM_1_104_Protsedura,08:00,17:00
Bobur Aliyev,Shifokor,1,ROOM_1_102_Kabinet,08:00,17:00
Jasur Nazarov,Shifokor,3,ROOM_3_301_Kabinet,09:00,18:00
Mohira Saidova,Sanitarka,2,ROOM_2_CORR_Koridor,08:00,20:00
Zulfiya Qodirova,Sanitarka,3,ROOM_3_CORR_Koridor,08:00,17:00
Sardor Mirzayev,Laborant,3,ROOM_3_310_Laboratoriya,08:00,17:00
Nilufar Xolmatova,Laborant,3,ROOM_3_311_Laboratoriya,09:00,18:00
Rustam Olimov,Oshpaz,4,ROOM_4_401_Oshxona,07:00,16:00
Feruza Rashidova,Oshpaz,4,ROOM_4_401_Oshxona,10:00,19:00
Kamola Umarova,Administrator,1,ROOM_1_101_Qabulxona,08:00,18:00
